,title,Directed by,Produced by,Screenplay by,Starring,Music by,Cinematography,Edited by,Production companies,Distributed by,Release date,Running time,Countries,Language,Budget,Box office,Running time (int),Budget (float),Box office (float),Release date (datetime),Profit (float),IMDB Rating,Metascore,Rotten Tomatoes Score,Genres,Maturity Rating,Awards,IMDB Rating (float),Metascore (int),Rotten Tomatoes Score (int),Based on,Story by,Country,Written by,Production company,Languages,Hangul,Revised Romanization,McCune–Reischauer
0,The King's Speech,Tom Hooper,"['Iain Canning', 'Emile Sherman', 'Gareth Unwin']",David Seidler,"['Colin Firth', 'Geoffrey Rush', 'Helena Bonham Carter', 'Guy Pearce', 'Timothy Spall', 'Derek Jacobi', 'Jennifer Ehle', 'Michael Gambon']",Alexandre Desplat,Danny Cohen,Tariq Anwar,"['UK Film Council', 'Momentum Pictures', 'Aegis Film Fund', 'Molinare, London', 'FilmNation Entertainment', 'See-Saw Films', 'Bedlam Productions']","['Momentum Pictures (United Kingdom)', 'Paramount Pictures (Australia and New Zealand)']","['6 September 2010 ( Telluride Film Festival )', '23 December 2010 (Australia)', '7 January 2011 (United Kingdom)']",119 minutes,"['United Kingdom', 'Australia']",English,$15 million,$427.4 million,119,15000000.0,427400000.0,2010-09-06T00:00:00,412400000.0,8.0,88,94%,"Biography, Drama, History",R,Won 4 Oscars. Another 104 wins & 206 nominations.,8.0,88,94,,,,,,,,,
1,127 Hours,Danny Boyle,"['Danny Boyle', 'Christian Colson', 'John Smithson']","['Danny Boyle', 'Simon Beaufoy']",James Franco,A. R. Rahman,"['Anthony Dod Mantle', 'Enrique Chediak']",Jon Harris,"['Pathé', 'Everest Entertainment', 'Film4 Productions', 'HandMade Films', 'Cloud Eight Films']","['Warner Bros. Entertainment UK (United Kingdom)', 'Fox Searchlight Pictures (United States)']","['4 September 2010 ( Telluride Film Festival )', '5 November 2010 (United States)', '7 January 2011 (United Kingdom)']",94 minutes,"['United Kingdom', 'United States']",English,$18 million,$60.7 million,94,18000000.0,60700000.0,2010-09-04T00:00:00,42700000.0,7.5,82,93%,"Biography, Drama",R,Nominated for 6 Oscars. Another 23 wins & 144 nominations.,7.5,82,93,"['Between a Rock and a Hard Place', 'by', 'Aron Ralston']",,,,,,,,
2,Black Swan,Darren Aronofsky,"['Mike Medavoy', 'Arnold W. Messer', 'Brian Oliver', 'Scott Franklin']","['Mark Heyman', 'Andres Heinz', 'John McLaughlin']","['Natalie Portman', 'Vincent Cassel', 'Mila Kunis', 'Barbara Hershey', 'Winona Ryder']",Clint Mansell,Matthew Libatique,Andrew Weisblum,"['Cross Creek Pictures', 'Protozoa Pictures', 'Phoenix Pictures', 'Dune Entertainment']",Fox Searchlight Pictures,"['September 1, 2010 ( Venice )', 'December 3, 2010 (United States)']",108 minutes,,English,$13 million,$330 million,108,13000000.0,330000000.0,2010-09-01T00:00:00,317000000.0,8.0,79,85%,"Drama, Thriller",R,Won 1 Oscar. Another 96 wins & 278 nominations.,8.0,79,85,,Andres Heinz,United States,,,,,,
3,The Fighter,David O. Russell,"['Dorothy Aufiero', 'David Hoberman', 'Todd Lieberman', 'Ryan Kavanaugh', 'Paul Tamasy', 'Mark Wahlberg']","['Paul Tamasy', 'Eric Johnson', 'Scott Silver']","['Mark Wahlberg', 'Christian Bale', 'Amy Adams', 'Melissa Leo']",Michael Brook,Hoyte van Hoytema,Pamela Martin,"['Closest to the Hole Productions', 'Mandeville Films', 'Relativity Media', 'Protozoa Pictures']","['Paramount Pictures (North America/United Kingdom)', 'The Weinstein Company (International)']","[""December 6, 2010 ( Grauman's Chinese Theatre )"", 'December 10, 2010 (United States)']",116 minutes,,English,$25 million,$129.2 million,116,25000000.0,129200000.0,2010-12-06T00:00:00,104200000.0,7.8,79,90%,"Biography, Drama, Sport",R,Won 2 Oscars. Another 71 wins & 124 nominations.,7.8,79,90,,"['Keith Dorrington', 'Paul Tamasy', 'Eric Johnson']",United States,,,,,,
4,Inception,Christopher Nolan,"['Emma Thomas', 'Christopher Nolan']",,"['Leonardo DiCaprio', 'Ken Watanabe', 'Joseph Gordon-Levitt', 'Marion Cotillard', 'Elliot Page', 'Tom Hardy', 'Cillian Murphy', 'Tom Berenger', 'Michael Caine']",Hans Zimmer,Wally Pfister,Lee Smith,"['Legendary Pictures', 'Syncopy']",Warner Bros. Pictures,"['July 8, 2010 ( Odeon Leicester Square )', 'July 16, 2010 (United States and United Kingdom)']",148 minutes,"['United States', 'United Kingdom']",English,$160 million,$836.8 million,148,160000000.0,836800000.0,2010-07-08T00:00:00,676800000.0,8.8,74,87%,"Action, Adventure, Sci-Fi, Thriller",PG-13,Won 4 Oscars. Another 151 wins & 219 nominations.,8.8,74,87,,,,Christopher Nolan,,,,,
5,The Kids Are All Right,Lisa Cholodenko,"['Gary Gilbert', 'Jeffrey Levy-Hinte', 'Celine Rattray', 'Jordan Horowitz', 'Daniela Taplin Lundberg', 'Philippe Hellmann', 'Joel Newton']",,"['Annette Bening', 'Julianne Moore', 'Mark Ruffalo', 'Mia Wasikowska', 'Josh Hutcherson']",Carter Burwell,Igor Jadue-Lillo,Jeffrey M. Werner,"['Gilbert Films', 'Saint Aire Productions', 'Artist International', '10th Hole Productions', 'Antidote Films', 'Mandalay Vision']",Focus Features,"['January 25, 2010 (Sundance Film Festival)', 'July 9, 2010 (United States)']",107 minutes,,English,$4 million,$34.7 million,107,4000000.0,34700000.0,2010-01-25T00:00:00,30700000.0,7.0,86,92%,"Comedy, Drama, Romance",R,Nominated for 4 Oscars. Another 29 wins & 129 nominations.,7.0,86,92,,,United States,"['Lisa Cholodenko', 'Stuart Blumberg']",,,,,
6,The Social Network,David Fincher,"['Scott Rudin', 'Dana Brunetti', 'Michael De Luca', 'Ceán Chaffin']",Aaron Sorkin,"['Jesse Eisenberg', 'Andrew Garfield', 'Justin Timberlake', 'Armie Hammer', 'Max Minghella']","['Trent Reznor', 'Atticus Ross']",Jeff Cronenweth,"['Angus Wall', 'Kirk Baxter']","['Columbia Pictures', 'Relativity Media', 'Scott Rudin Productions', 'Michael De Luca Productions', 'Trigger Street Productions']",Sony Pictures Releasing,"['September 24, 2010 ( NYFF )', 'October 1, 2010 (United States)']",120 minutes,,English,$40 million,$224.9 million,120,40000000.0,224900000.0,2010-09-24T00:00:00,184900000.0,7.7,95,96%,"Biography, Drama",PG-13,Won 3 Oscars. Another 168 wins & 186 nominations.,7.7,95,96,"['The Accidental Billionaires', 'by', 'Ben Mezrich']",,United States,,,,,,
7,Toy Story 3,Lee Unkrich,Darla K. Anderson,Michael Arndt,"['Tom Hanks', 'Tim Allen', 'Joan Cusack', 'Don Rickles', 'Wallace Shawn', 'John Ratzenberger', 'Estelle Harris', 'Ned Beatty', 'Michael Keaton', 'Jodi Benson', 'John Morris']",Randy Newman,"['Jeremy Lasky', 'Kim White']",Ken Schretzmann,"['Walt Disney Pictures', 'Pixar Animation Studios']","['Walt Disney Studios', 'Motion Pictures']","['June 12, 2010 ( Taormina Film Fest )', 'June 18, 2010 (United States)']",103 minutes,,English,$200 million,$1.067 billion,103,200000000.0,1067000000.0,2010-06-12T00:00:00,867000000.0,8.2,92,98%,"Animation, Adventure, Comedy, Family, Fantasy",G,Won 2 Oscars. Another 59 wins & 95 nominations.,8.2,92,98,,"['John Lasseter', 'Andrew Stanton', 'Lee Unkrich']",United States,,,,,,
8,True Grit,"['Joel Coen', 'Ethan Coen']","['Joel Coen', 'Ethan Coen', 'Scott Rudin']","['Joel Coen', 'Ethan Coen']","['Hailee Steinfeld', 'Jeff Bridges', 'Matt Damon', 'Josh Brolin', 'Barry Pepper']",Carter Burwell,Roger Deakins,Roderick Jaynes,"['Skydance Productions', 'Mike Zoss Productions', 'Scott Rudin Productions']",Paramount Pictures,"['December 22, 2010']",110 minutes,,English,$38 million,$252.3 million,110,38000000.0,252300000.0,2010-12-22T00:00:00,214300000.0,7.6,80,95%,"Drama, Western",PG-13,Nominated for 10 Oscars. Another 37 wins & 159 nominations.,7.6,80,95,"['True Grit', 'by', 'Charles Portis']",,United States,,,,,,
9,Winter's Bone,Debra Granik,"['Anne Rosellini', 'Alix Madigan-Yorkin']","['Debra Granik', 'Anne Rosellini']","['Jennifer Lawrence', 'John Hawkes', 'Kevin Breznahan', 'Dale Dickey', 'Garret Dillahunt', 'Sheryl Lee', 'Tate Taylor']",Dickon Hinchliffe,Michael McDonough,Affonso Gonçalves,"['Anonymous Content', ""Winter's Bone Productions""]",Roadside Attractions,"['January 21, 2010 ( Sundance )', 'June 11, 2010 (United States)']",100 minutes,,English,$2 million,$16.1 million,100,2000000.0,16100000.0,2010-01-21T00:00:00,14100000.0,7.1,90,94%,"Adventure, Drama, Mystery",R,Nominated for 4 Oscars. Another 63 wins & 127 nominations.,7.1,90,94,"[""Winter's Bone"", 'by', 'Daniel Woodrell']",,United States,,,,,,
10,The Artist,Michel Hazanavicius,Thomas Langmann,,"['Jean Dujardin', 'Bérénice Bejo', 'James Cromwell', 'Penelope Ann Miller', 'Malcolm McDowell', 'Missi Pyle', 'Beth Grant', 'Ed Lauter', 'Joel Murray', 'Ken Davitian', 'John Goodman']",Ludovic Bource,Guillaume Schiffman,"['Anne-Sophie Bion', 'Michel Hazanavicius']","['La Petite Reine', 'ARP Sélection', 'Studio 37', 'La Classe Américaine', 'France 3 Cinema', 'U Film', 'Jouror Productions', 'JD Prod']",Warner Bros. France,"['15 May 2011 ( Cannes )', '12 October 2011 (France)']",100 minutes,,,$15 million,$133.4 million,100,15000000.0,133400000.0,2011-05-15T00:00:00,118400000.0,7.9,89,95%,"Comedy, Drama, Romance",PG-13,Won 5 Oscars. Another 156 wins & 204 nominations.,7.9,89,95,,,France,Michel Hazanavicius,,,,,
11,The Descendants,Alexander Payne,"['Jim Burke', 'Alexander Payne', 'Jim Taylor']","['Alexander Payne', 'Nat Faxon', 'Jim Rash']","['George Clooney', 'Shailene Woodley', 'Beau Bridges', 'Judy Greer']",,Phedon Papamichael,Kevin Tent,,Fox Searchlight Pictures,"['September 10, 2011 ( TIFF )', 'November 18, 2011 (United States )']",115 minutes,,English,$20 million,$177.2 million,115,20000000.0,177200000.0,2011-09-10T00:00:00,157200000.0,7.3,84,87%,"Comedy, Drama",R,Won 1 Oscar. Another 64 wins & 147 nominations.,7.3,84,87,"['The Descendants', 'by', 'Kaui Hart Hemmings']",,United States,,Ad Hominem Enterprises,,,,
12,Extremely Loud & Incredibly Close,Stephen Daldry,Scott Rudin,Eric Roth,"['Tom Hanks', 'Sandra Bullock', 'Thomas Horn', 'Max von Sydow', 'Viola Davis', 'John Goodman', 'Jeffrey Wright']",Alexandre Desplat,Chris Menges,Claire Simpson,,Warner Bros. Pictures,"['December 25, 2011']",129 minutes,,English,$40 million,$55.2 million,129,40000000.0,55200000.0,2011-12-25T00:00:00,15200000.0,6.9,46,45%,"Adventure, Drama, Mystery",PG-13,Nominated for 2 Oscars. Another 8 wins & 23 nominations.,6.9,46,45,"['Extremely Loud & Incredibly Close', 'by', 'Jonathan Safran Foer']",,United States,,Scott Rudin Productions,,,,
13,The Help,Tate Taylor,"['Chris Columbus', 'Michael Barnathan', 'Brunson Green']",Tate Taylor,"['Jessica Chastain', 'Viola Davis', 'Bryce Dallas Howard', 'Allison Janney', 'Octavia Spencer', 'Emma Stone']",Thomas Newman,Stephen Goldblatt,Hughes Winborne,"['DreamWorks Pictures', 'Reliance Entertainment', 'Participant Media', 'Image Nation', '1492 Pictures', 'Harbinger Pictures']","['Walt Disney Studios', 'Motion Pictures']","['August 9, 2011 ( Beverly Hills )', 'August 10, 2011 (United States)']",146 minutes,"['United States', 'India', 'United Arab Emirates']",English,$25 million,$216.6 million,146,25000000.0,216600000.0,2011-08-09T00:00:00,191600000.0,8.0,62,76%,Drama,PG-13,Won 1 Oscar. Another 78 wins & 121 nominations.,8.0,62,76,"['The Help', 'by', 'Kathryn Stockett']",,,,,,,,
14,Hugo,Martin Scorsese,"['Graham King', 'Timothy Headington', 'Martin Scorsese', 'Johnny Depp']",['John Logan'],"['Ben Kingsley', 'Sacha Baron Cohen', 'Asa Butterfield', 'Chloë Grace Moretz', 'Ray Winstone', 'Emily Mortimer', 'Jude Law']",Howard Shore,Robert Richardson,Thelma Schoonmaker,"['GK Films', 'Infinitum Nihil']",Paramount Pictures,"['October 10, 2011 ( NYFF )', 'November 23, 2011 (United States)']",126 minutes,,English,$150–170 million,$185.8 million,126,150000000.0,185800000.0,2011-10-10T00:00:00,35800000.0,7.5,83,93%,"Drama, Family, Fantasy, Mystery",PG,Won 5 Oscars. Another 56 wins & 191 nominations.,7.5,83,93,"['The Invention of Hugo Cabret', 'by', 'Brian Selznick']",,United States,,,,,,
15,Midnight in Paris,Woody Allen,"['Letty Aronson', 'Stephen Tenenbaum', 'Jaume Roures']",,"['Kathy Bates', 'Adrien Brody', 'Carla Bruni', 'Marion Cotillard', 'Rachel McAdams', 'Michael Sheen', 'Owen Wilson']",,Darius Khondji,Alisa Lepselter,"['Gravier Productions', 'Mediapro', 'Televisió de Catalunya (TV3)', 'Versátil Cinema']",Sony Pictures Classics,"['May 11, 2011 ( Cannes )', 'May 13, 2011 (Spain)', 'May 20, 2011 (United States)']",94 minutes,"['United States', 'Spain']",English,$17 million,$154.1 million,94,17000000.0,154100000.0,2011-05-11T00:00:00,137100000.0,7.7,81,93%,"Comedy, Fantasy, Romance",PG-13,Won 1 Oscar. Another 25 wins & 102 nominations.,7.7,81,93,,,,Woody Allen,,,,,
16,Moneyball,Bennett Miller,"['Michael De Luca', 'Rachael Horovitz', 'Brad Pitt']","['Steven Zaillian', 'Aaron Sorkin']","['Brad Pitt', 'Jonah Hill', 'Philip Seymour Hoffman']",Mychael Danna,Wally Pfister,Christopher Tellefsen,"['Columbia Pictures', 'Scott Rudin Productions', 'Michael De Luca Productions', 'Rachael Horovitz Productions']",Sony Pictures Releasing,"['September 9, 2011 ( TIFF )', 'September 23, 2011 (United States)']",133 minutes,,English,$50 million,$110.2 million,133,50000000.0,110200000.0,2011-09-09T00:00:00,60200000.0,7.6,87,94%,"Biography, Drama, Sport",PG-13,Nominated for 6 Oscars. Another 29 wins & 76 nominations.,7.6,87,94,"['Moneyball: The Art of Winning an Unfair Game', 'by', 'Michael Lewis']",Stan Chervin,United States,,,,,,
17,The Tree of Life,Terrence Malick,"['Sarah Green', 'Bill Pohlad', 'Brad Pitt', 'Dede Gardner', 'Grant Hill']",,"['Brad Pitt', 'Sean Penn', 'Jessica Chastain']",Alexandre Desplat,Emmanuel Lubezki,"['Hank Corwin', 'Jay Rabinowitz', 'Daniel Rezende', 'Billy Weber', 'Mark Yoshikawa']","['River Road Entertainment', 'Plan B Entertainment']",Fox Searchlight Pictures,"['May 16, 2011 ( Cannes )', 'May 27, 2011 (United States)']",['139 minutes'],,English,$32 million,$61.7 million,139,32000000.0,61700000.0,2011-05-16T00:00:00,29700000.0,6.8,85,84%,"Drama, Fantasy",PG-13,Nominated for 3 Oscars. Another 116 wins & 125 nominations.,6.8,85,84,,,United States,Terrence Malick,,,,,
18,War Horse,Steven Spielberg,"['Steven Spielberg', 'Kathleen Kennedy']","['Lee Hall', 'Richard Curtis']","['Emily Watson', 'David Thewlis', 'Peter Mullan', 'Niels Arestrup', 'Jeremy Irvine']",John Williams,Janusz Kamiński,Michael Kahn,"['DreamWorks Pictures', 'Reliance Entertainment', 'Amblin Entertainment', 'The Kennedy/Marshall Company']","['Walt Disney Studios', 'Motion Pictures']","['4 December 2011 ( Avery Fisher Hall )', '25 December 2011 (United States)']",146 minutes,,English,$66–70 million,$177.6 million,146,66000000.0,177600000.0,2011-12-04T00:00:00,111600000.0,7.2,72,74%,"Action, Adventure, Drama, History, War",PG-13,Nominated for 6 Oscars. Another 15 wins & 71 nominations.,7.2,72,74,"['War Horse by Michael Morpurgo', 'War Horse by Nick Stafford']",,United States,,,,,,
19,Argo,Ben Affleck,"['Ben Affleck', 'George Clooney', 'Grant Heslov']",Chris Terrio,"['Ben Affleck', 'Bryan Cranston', 'Alan Arkin', 'John Goodman']",Alexandre Desplat,Rodrigo Prieto,William Goldenberg,"['GK Films', 'Smokehouse Pictures']",Warner Bros. Pictures,"['August 31, 2012 ( Telluride )', 'October 12, 2012 (United States)']",120 minutes,,English,$44.5 million,$232.3 million,120,44500000.0,232300000.0,2012-08-31T00:00:00,187800000.0,7.7,86,96%,"Biography, Drama, Thriller",R,Won 3 Oscars. Another 91 wins & 155 nominations.,7.7,86,96,"['The Master of Disguise by Antonio J. Mendez', 'The Great Escape: How the CIA Used a Fake Sci-Fi Flick to Rescue Americans from Tehran by Joshuah Bearman']",,United States,,,,,,
20,Amour,Michael Haneke,"['Margaret Ménégoz', 'Stefan Arndt', 'Veit Heiduschka', 'Michael Katz']",,"['Jean-Louis Trintignant', 'Emmanuelle Riva', 'Isabelle Huppert']",,Darius Khondji,"['Monika Willi', 'Nadine Muse']","['Les Films du Losange', 'X-Filme Creative Pool', 'Wega Film', 'France 3 Cinéma', 'Canal+']","['Les Films du Losange', 'X-Verleih', 'Filmladen']","['20 May 2012 ( Cannes )', '20 September 2012 (Germany)', '24 October 2012 (France)']",127 minutes,"['France', 'Austria', 'Germany']",French,$ 8.9 million,$29.9 million,127,8900000.0,29900000.0,2012-05-20T00:00:00,21000000.0,7.9,94,93%,"Drama, Romance",PG-13,Won 1 Oscar. Another 82 wins & 107 nominations.,7.9,94,93,,,,Michael Haneke,,,,,
21,Beasts of the Southern Wild,Benh Zeitlin,"['Dan Janvey', 'Josh Penn', 'Michael Gottwald']","['Lucy Alibar', 'Benh Zeitlin']","['Quvenzhané Wallis', 'Dwight Henry']","['Dan Romer', 'Benh Zeitlin']",Ben Richardson,"['Crockett Doob', 'Affonso Gonçalves']","['Cinereach', 'Court 13', 'Journeyman Pictures']",Fox Searchlight Pictures,"['January 20, 2012 ( Sundance )', 'June 27, 2012 (US)']",93 minutes,,English,$1.8 million,$23.3 million,93,1800000.0,23300000.0,2012-01-20T00:00:00,21500000.0,7.3,86,86%,"Adventure, Drama, Fantasy",PG-13,Nominated for 4 Oscars. Another 90 wins & 130 nominations.,7.3,86,86,"['Juicy and Delicious', 'by Lucy Alibar']",,United States,,,,,,
22,Django Unchained,Quentin Tarantino,"['Stacey Sher', 'Reginald Hudlin', 'Pilar Savone']",,"['Jamie Foxx', 'Christoph Waltz', 'Leonardo DiCaprio', 'Kerry Washington', 'Samuel L. Jackson', 'Walton Goggins', 'Dennis Christopher', 'James Remar', 'Michael Parks', 'Don Johnson']",,Robert Richardson,Fred Raskin,"['A Band Apart', 'Columbia Pictures']","['The Weinstein Company', 'Columbia Pictures (through Sony Pictures Releasing )']","['December 11, 2012 ( Ziegfeld Theatre )', 'December 25, 2012 (United States)']",165 minutes,,English,$100 million,$425.4 million,165,100000000.0,425400000.0,2012-12-11T00:00:00,325400000.0,8.4,81,87%,"Drama, Western",R,Won 2 Oscars. Another 55 wins & 158 nominations.,8.4,81,87,,,United States,Quentin Tarantino,,,,,
23,Life of Pi,Ang Lee,"['Gil Netter', 'Ang Lee', 'David Womark']",David Magee,"['Suraj Sharma', 'Irrfan Khan', 'Tabu', 'Rafe Spall', 'Gérard Depardieu', 'Jag Huang']",Mychael Danna,Claudio Miranda,Tim Squyres,"['Fox 2000 Pictures', 'Dune Entertainment', 'Ingenious Media', 'Haishang Films']",20th Century Fox,"['September 28, 2012 ( NYFF )', 'November 21, 2012 (United States)']",127 minutes,"['United States', 'United Kingdom', 'Canada', 'Australia', 'Taiwan', 'India']",,$120 million,$609 million,127,120000000.0,609000000.0,2012-09-28T00:00:00,489000000.0,7.9,79,86%,"Adventure, Drama, Fantasy",PG,Won 4 Oscars. Another 77 wins & 134 nominations.,7.9,79,86,"['Life of Pi', 'by', 'Yann Martel']",,,,,"['English', 'Hindi', 'Japanese']",,,
24,Lincoln,Steven Spielberg,"['Steven Spielberg', 'Kathleen Kennedy']",Tony Kushner,"['Daniel Day-Lewis', 'Sally Field', 'David Strathairn', 'Joseph Gordon-Levitt', 'James Spader', 'Hal Holbrook', 'Tommy Lee Jones']",John Williams,Janusz Kamiński,Michael Kahn,,"['Walt Disney Studios Motion Pictures (North America)', '20th Century Fox (International)']","['October 8, 2012 ( New York Film Festival )', 'November 9, 2012 (United States)']",150 minutes,,English,$65 million,$275.3 million,150,65000000.0,275300000.0,2012-10-08T00:00:00,210300000.0,7.3,86,89%,"Biography, Drama, History, War",PG-13,Won 2 Oscars. Another 106 wins & 252 nominations.,7.3,86,89,"['Team of Rivals', 'by', 'Doris Kearns Goodwin']",,United States,,,,,,
25,Les Misérables,Tom Hooper,"['Tim Bevan', 'Eric Fellner', 'Debra Hayward', 'Cameron Mackintosh']","['William Nicholson', 'Alain Boublil', 'Claude-Michel Schönberg', 'Herbert Kretzmer']","['Hugh Jackman', 'Russell Crowe', 'Anne Hathaway', 'Amanda Seyfried', 'Eddie Redmayne', 'Helena Bonham Carter', 'Sacha Baron Cohen']",Claude-Michel Schönberg,Danny Cohen,"['Melanie Oliver', 'Chris Dickens']","['Working Title Films', 'Relativity Media', 'Camack International']",Universal Pictures,"['5 December 2012 ( Leicester Square )', '25 December 2012 (United States)', '11 January 2013 (United Kingdom)']",158 minutes,"['United Kingdom', 'United States']",English,$61 million,$441.8 million,158,61000000.0,441800000.0,2012-12-05T00:00:00,380800000.0,7.6,63,70%,"Drama, History, Musical, Romance, War",PG-13,Won 3 Oscars. Another 82 wins & 176 nominations.,7.6,63,70,"['Les Misérables by Alain Boublil Claude-Michel Schönberg', 'Alain Boublil', 'Claude-Michel Schönberg', 'Les Misérables by Victor Hugo']",,,,,,,,
26,Silver Linings Playbook,David O. Russell,"['Donna Gigliotti', 'Bruce Cohen', 'Jonathan Gordon']",David O. Russell,"['Bradley Cooper', 'Jennifer Lawrence', 'Robert De Niro', 'Jacki Weaver', 'Anupam Kher', 'Chris Tucker']",Danny Elfman,Masanobu Takayanagi,"['Jay Cassidy', 'Crispin Struthers']",,The Weinstein Company,"['September 8, 2012 ( TIFF )', 'November 16, 2012 (United States)']",122 minutes,,English,$21 million,$236.4 million,122,21000000.0,236400000.0,2012-09-08T00:00:00,215400000.0,7.7,81,92%,"Comedy, Drama, Romance",R,Won 1 Oscar. Another 88 wins & 148 nominations.,7.7,81,92,"['The Silver Linings Playbook', 'by', 'Matthew Quick']",,United States,,The Weinstein Company,,,,
27,Zero Dark Thirty,Kathryn Bigelow,"['Kathryn Bigelow', 'Mark Boal', 'Megan Ellison']",,"['Jessica Chastain', 'Jason Clarke', 'Joel Edgerton']",Alexandre Desplat,Greig Fraser,"['Dylan Tichenor', 'William Goldenberg']","['Columbia Pictures', 'First Light Productions', 'Annapurna Pictures']","['Sony Pictures Releasing (North America and Japan)', 'Panorama Media (International)']","['December 10, 2012 ( Los Angeles )', 'December 19, 2012 (United States)']",157 minutes,,English,$40 million,$132.8 million,157,40000000.0,132800000.0,2012-12-10T00:00:00,92800000.0,7.4,95,91%,"Drama, History, Thriller, War",R,Won 1 Oscar. Another 84 wins & 173 nominations.,7.4,95,91,,,United States,Mark Boal,,,,,
28,12 Years a Slave,Steve McQueen,"['Brad Pitt', 'Dede Gardner', 'Jeremy Kleiner', 'Bill Pohlad', 'Steve McQueen', 'Arnon Milchan', 'Anthony Katagas']",John Ridley,"['Chiwetel Ejiofor', 'Michael Fassbender', 'Benedict Cumberbatch', 'Paul Dano', 'Paul Giamatti', ""Lupita Nyong'o"", 'Sarah Paulson', 'Brad Pitt', 'Alfre Woodard']",Hans Zimmer,Sean Bobbitt,Joe Walker,"['Fox Searchlight Pictures', 'Summit Entertainment', 'Regency Enterprises', 'River Road Entertainment', 'Plan B Entertainment', 'New Regency Productions', 'Film4 Productions']","['20th Century Fox', 'Entertainment One Films', 'Lionsgate Films']","['August 30, 2013 ( Telluride Film Festival )', 'November 8, 2013 (United States)', 'January 10, 2014 (United Kingdom)']",134 minutes,"['United States', 'United Kingdom']",English,$20–22 million,$187.7 million,134,20000000.0,187700000.0,2013-08-30T00:00:00,167700000.0,8.1,96,95%,"Biography, Drama, History",R,Won 3 Oscars. Another 240 wins & 335 nominations.,8.1,96,95,"['Twelve Years a Slave', 'by', 'Solomon Northup']",,,,,,,,
29,American Hustle,David O. Russell,"['Charles Roven', 'Richard Suckle', 'Megan Ellison', 'Jonathan Gordon']",,"['Christian Bale', 'Bradley Cooper', 'Amy Adams', 'Jeremy Renner', 'Jennifer Lawrence', 'Louis C. K.', 'Michael Peña', 'Alessandro Nivola']",Danny Elfman,Linus Sandgren,"['Jay Cassidy', 'Crispin Struthers', 'Alan Baumgarten']","['Columbia Pictures', 'Atlas Entertainment', 'Annapurna Pictures']",Sony Pictures Releasing,"['December 8, 2013 ( Ziegfeld Theatre )', 'December 13, 2013 (United States)']",138 minutes,,English,$40 million,$251.2 million,138,40000000.0,251200000.0,2013-12-08T00:00:00,211200000.0,7.2,90,92%,"Crime, Drama",R,Nominated for 10 Oscars. Another 69 wins & 217 nominations.,7.2,90,92,,,United States,"['Eric Warren Singer', 'David O. Russell']",,,,,
30,Captain Phillips,Paul Greengrass,"['Scott Rudin', 'Dana Brunetti', 'Michael De Luca']",Billy Ray,"['Tom Hanks', 'Barkhad Abdi']",Henry Jackman,Barry Ackroyd,Christopher Rouse,"['Columbia Pictures', 'Scott Rudin Productions', 'Michael De Luca Productions', 'Trigger Street Productions']",Sony Pictures Releasing,"['September 27, 2013 ( NYFF )', 'October 11, 2013 (United States)']",134 minutes,,,$55 million,$220.6 million,134,55000000.0,220600000.0,2013-09-27T00:00:00,165600000.0,7.8,82,93%,"Adventure, Biography, Crime, Drama, Thriller",PG-13,Nominated for 6 Oscars. Another 16 wins & 147 nominations.,7.8,82,93,"[""A Captain's Duty"", 'by', 'Richard Phillips', 'Stephan Talty']",,United States,,,"['English', 'Somali']",,,
31,Dallas Buyers Club,Jean-Marc Vallée,"['Robbie Brenner', 'Rachel Winter']",,"['Matthew McConaughey', 'Jennifer Garner', 'Jared Leto']",,Yves Bélanger,"['John Mac McMurphy', 'Martin Pensa']","['Truth Entertainment', 'Voltage Pictures']",Focus Features,"['September 7, 2013 ( TIFF )', 'November 1, 2013 (United States)']",117 minutes,,English,$5 million,$55.7 million,117,5000000.0,55700000.0,2013-09-07T00:00:00,50700000.0,8.0,80,93%,"Biography, Drama",R,Won 3 Oscars. Another 81 wins & 86 nominations.,8.0,80,93,,,United States,"['Craig Borten', 'Melisa Wallack']",,,,,
32,Gravity,Alfonso Cuarón,"['Alfonso Cuarón', 'David Heyman']",,"['Sandra Bullock', 'George Clooney']",Steven Price,Emmanuel Lubezki,"['Alfonso Cuarón', 'Mark Sanger']","['Heyday Films', 'Esperanto Filmoj']",Warner Bros. Pictures,"['August 28, 2013 ( Venice )', 'October 4, 2013 (United States)', 'November 7, 2013 (United Kingdom)']",91 minutes,"['United States', 'United Kingdom']",English,$80–130 million,$723.2 million,91,80000000.0,723200000.0,2013-08-28T00:00:00,643200000.0,7.7,96,95%,"Drama, Sci-Fi, Thriller",PG-13,Won 7 Oscars. Another 230 wins & 186 nominations.,7.7,96,95,,,,"['Alfonso Cuarón', 'Jonás Cuarón']",,,,,
33,Her,Spike Jonze,"['Megan Ellison', 'Spike Jonze', 'Vincent Landay']",,"['Joaquin Phoenix', 'Amy Adams', 'Rooney Mara', 'Olivia Wilde', 'Scarlett Johansson']",Arcade Fire,Hoyte van Hoytema,"['Eric Zumbrunnen', 'Jeff Buchanan']",,"['Warner Bros. Pictures', '(United States and Germany)', 'Sony Pictures Releasing International', 'Stage 6 Films', '(International)']","['October 12, 2013 ( NYFF )', 'October 13, 2013 ( HIFF )', 'November 11, 2013 ( RFF )', 'December 18, 2013 (Limited)', 'January 10, 2014 (United States)']",126 minutes,,English,$23 million,$48.3 million,126,23000000.0,48300000.0,2013-10-12T00:00:00,25300000.0,8.0,90,94%,"Drama, Romance, Sci-Fi",R,Won 1 Oscar. Another 82 wins & 186 nominations.,8.0,90,94,,,United States,Spike Jonze,Annapurna Pictures,,,,
34,Nebraska,Alexander Payne,"['Albert Berger', 'Ron Yerxa']",,"['Bruce Dern', 'Will Forte', 'June Squibb', 'Stacy Keach', 'Bob Odenkirk']",Mark Orton,Phedon Papamichael,Kevin Tent,"['Blue Lake Media Fund', 'Bona Fide Productions', 'Echo Lake Entertainment', 'FilmNation Entertainment']",Paramount Vantage,"['May 23, 2013 ( Cannes )', 'November 15, 2013 (United States)']",115 minutes,,English,$13.5 million,$27.7 million,115,13500000.0,27700000.0,2013-05-23T00:00:00,14200000.0,7.7,87,91%,"Adventure, Comedy, Drama",R,Nominated for 6 Oscars. Another 28 wins & 162 nominations.,7.7,87,91,,,United States,Bob Nelson,,,,,
35,Philomena,Stephen Frears,"['Gabrielle Tana', 'Steve Coogan', 'Tracey Seaward']","['Steve Coogan', 'Jeff Pope']","['Judi Dench', 'Steve Coogan']",Alexandre Desplat,Robbie Ryan,Valerio Bonelli,"['Pathé', 'Yucaipa Films', 'BBC Films', 'British Film Institute', 'Canal+', 'Cine+', 'Baby Cow Productions', 'Magnolia Mae Films']","['Pathé Distribution (France)', '20th Century Fox (United Kingdom)']","['31 August 2013 ( Venice )', '1 November 2013 (United Kingdom)']",98 minutes,"['United Kingdom', 'France']",English,$12 million,$100.1 million,98,12000000.0,100100000.0,2013-08-31T00:00:00,88100000.0,7.6,77,91%,"Biography, Comedy, Drama",PG-13,Nominated for 4 Oscars. Another 33 wins & 81 nominations.,7.6,77,91,"['The Lost Child of Philomena Lee', 'by', 'Martin Sixsmith']",,,,,,,,
36,The Wolf of Wall Street,Martin Scorsese,"['Martin Scorsese', 'Leonardo DiCaprio', 'Riza Aziz', 'Joey McFarland', 'Emma Tillinger Koskoff']",Terence Winter,"['Leonardo DiCaprio', 'Jonah Hill', 'Margot Robbie', 'Matthew McConaughey', 'Kyle Chandler', 'Rob Reiner', 'Jon Favreau', 'Jean Dujardin', 'Jon Bernthal']",,Rodrigo Prieto,Thelma Schoonmaker,"['Red Granite Pictures', 'Appian Way Productions', 'Sikelia Productions', 'EMJAG Productions']",Paramount Pictures,"['December 17, 2013 ( Ziegfeld Theatre )', 'December 25, 2013 (United States)']",180 minutes,,English,$100 million,$392 million,180,100000000.0,392000000.0,2013-12-17T00:00:00,292000000.0,8.2,75,79%,"Biography, Crime, Drama",R,Nominated for 5 Oscars. Another 37 wins & 174 nominations.,8.2,75,79,"['The Wolf of Wall Street', 'by', 'Jordan Belfort']",,United States,,,,,,
37,Birdman or (The Unexpected Virtue of Ignorance),Alejandro G. Iñárritu,"['Alejandro G. Iñárritu ( p.g.a. )', 'John Lesher (p.g.a.)', 'Arnon Milchan', 'James W. Skotchdopole (p.g.a.)']",,"['Michael Keaton', 'Zach Galifianakis', 'Edward Norton', 'Andrea Riseborough', 'Amy Ryan', 'Emma Stone', 'Naomi Watts']",Antonio Sánchez,Emmanuel Lubezki,"['Douglas Crise', 'Stephen Mirrione']","['Regency Enterprises', 'New Regency', 'M Productions', 'Le Grisbi Productions', 'TSG Entertainment', 'Worldview Entertainment']",Fox Searchlight Pictures,"['August 27, 2014 ( Venice )', 'October 17, 2014 (United States)']",119 minutes,,English,$18 million,$103.2 million,119,18000000.0,103200000.0,2014-08-27T00:00:00,85200000.0,7.7,87,91%,"Comedy, Drama",R,Won 4 Oscars. Another 188 wins & 291 nominations.,7.7,87,91,,,United States,"['Alejandro G. Iñárritu', 'Nicolás Giacobone', 'Alexander Dinelaris, Jr.', 'Armando Bó']",,,,,
38,American Sniper,Clint Eastwood,"['Clint Eastwood', 'Robert Lorenz', 'Andrew Lazar', 'Bradley Cooper', 'Peter Morgan']",Jason Hall,"['Bradley Cooper', 'Sienna Miller']",,Tom Stern,"['Joel Cox', 'Gary D. Roach']","['Village Roadshow Pictures', 'RatPac-Dune Entertainment', 'Mad Chance Productions', '22nd & Indiana Pictures', 'Malpaso Productions']",Warner Bros. Pictures,"['November 11, 2014 ( AFI Fest )', 'December 25, 2014 (United States)']",132 minutes,,English,$59 million,$547.4 million,132,59000000.0,547400000.0,2014-11-11T00:00:00,488400000.0,7.3,72,72%,"Action, Biography, Drama, War",R,Won 1 Oscar. Another 23 wins & 43 nominations.,7.3,72,72,"['American Sniper', 'by', 'Chris Kyle', 'Scott McEwen', 'Jim DeFelice']",,United States,,,,,,
39,Boyhood,Richard Linklater,"['Richard Linklater', 'Cathleen Sutherland', 'Jonathan Sehring', 'John Sloss']",,"['Patricia Arquette', 'Ellar Coltrane', 'Lorelei Linklater', 'Ethan Hawke']",,"['Lee Daniel', 'Shane Kelly']",Sandra Adair,"['IFC Productions', 'Detour Filmproduction', 'Cinetic Media']","['IFC Films (US)', 'Universal Pictures (International)']","['January 19, 2014 ( Sundance )', 'July 11, 2014 (United States)']",165 minutes,,English,$4 million,$57.3 million,165,4000000.0,57300000.0,2014-01-19T00:00:00,53300000.0,7.9,100,97%,Drama,R,Won 1 Oscar. Another 172 wins & 218 nominations.,7.9,100,97,,,United States,Richard Linklater,,,,,
40,The Grand Budapest Hotel,Wes Anderson,"['Wes Anderson', 'Scott Rudin', 'Steven Rales', 'Jeremy Dawson']",Wes Anderson,"['Ralph Fiennes', 'F. Murray Abraham', 'Mathieu Amalric', 'Adrien Brody', 'Willem Dafoe', 'Jeff Goldblum', 'Harvey Keitel', 'Jude Law', 'Bill Murray', 'Edward Norton', 'Saoirse Ronan', 'Jason Schwartzman', 'Léa Seydoux', 'Tilda Swinton', 'Tom Wilkinson', 'Owen Wilson', 'Tony Revolori']",Alexandre Desplat,Robert Yeoman,Barney Pilling,"['Fox Searchlight Pictures', 'TSG Entertainment', 'Indian Paintbrush', 'Studio Babelsberg', 'American Empirical Pictures']",Fox Searchlight Pictures,"['February 6, 2014 ( Berlin )', 'March 6, 2014 (Germany)', 'March 7, 2014 (United States)']",100 minutes,"['United States', 'Germany']",English,US$25 million,US$172.9 million,100,25000000.0,172900000.0,2014-02-06T00:00:00,147900000.0,8.1,88,92%,"Adventure, Comedy, Crime",R,Won 4 Oscars. Another 130 wins & 226 nominations.,8.1,88,92,,"['Wes Anderson', 'Hugo Guinness']",,,,,,,
41,The Imitation Game,Morten Tyldum,"['Nora Grossman', 'Ido Ostrowsky', 'Teddy Schwarzman']",Graham Moore,"['Benedict Cumberbatch', 'Keira Knightley', 'Matthew Goode', 'Rory Kinnear', 'Charles Dance', 'Mark Strong']",Alexandre Desplat,Óscar Faura,William Goldenberg,"['Black Bear Pictures', 'Bristol Automotive', 'Orange Corp']",['The Weinstein Company'],"['August 29, 2014 ( Telluride Film Festival )', 'November 28, 2014 (United States)']",114 minutes,,English,$14 million,$233.6 million,114,14000000.0,233600000.0,2014-08-29T00:00:00,219600000.0,8.0,73,89%,"Biography, Drama, Thriller, War",PG-13,Won 1 Oscar. Another 48 wins & 162 nominations.,8.0,73,89,"['Alan Turing: The Enigma', 'by', 'Andrew Hodges']",,United States,,,,,,
42,Selma,Ava DuVernay,"['Christian Colson', 'Oprah Winfrey', 'Dede Gardner', 'Jeremy Kleiner']",,"['David Oyelowo', 'Tom Wilkinson', 'Carmen Ejogo', 'Giovanni Ribisi', 'Alessandro Nivola', 'Cuba Gooding Jr.', 'Tim Roth', 'Oprah Winfrey']",Jason Moran,Bradford Young,Spencer Averick,"['Pathé', 'Harpo Films', 'Plan B Entertainment', 'Cloud Eight Films', 'Ingenious Media', 'Redgill Selma Productions']","['Paramount Pictures (United States)', '20th Century Fox (United Kingdom)']","['November 11, 2014 ( AFI Fest )', 'December 25, 2014 (United States)']",128 minutes,"['United Kingdom', 'United States']",English,$20 million,$66.8 million,128,20000000.0,66800000.0,2014-11-11T00:00:00,46800000.0,7.5,80,99%,"Biography, Drama, History",PG-13,Won 1 Oscar. Another 57 wins & 91 nominations.,7.5,80,99,,,,['Paul Webb'],,,,,
43,The Theory of Everything,James Marsh,"['Tim Bevan', 'Eric Fellner', 'Lisa Bruce', 'Anthony McCarten']",Anthony McCarten,"['Eddie Redmayne', 'Felicity Jones', 'Charlie Cox', 'Emily Watson', 'Simon McBurney', 'David Thewlis', 'Maxine Peake']",Jóhann Jóhannsson,Benoît Delhomme,Jinx Godfrey,"['Working Title Films', 'Dentsu', 'Fuji Television Network']","['Focus Features', '(United States)', 'Universal Pictures', '(International)']","['7 November 2014 ( TIFF )', '1 January 2015 (United Kingdom)']",123 minutes,"['United Kingdom', 'Japan', 'United States']",English,US$15 million,US$123.7 million,123,15000000.0,123700000.0,2014-11-07T00:00:00,108700000.0,7.7,72,80%,"Biography, Drama, Romance",PG-13,Won 1 Oscar. Another 24 wins & 124 nominations.,7.7,72,80,"['Travelling to Infinity: My Life with Stephen', 'by', 'Jane Hawking']",,,,,,,,
44,Whiplash,Damien Chazelle,"['Jason Blum', 'Helen Estabrook', 'Michel Litvak', 'David Lancaster']",,"['Miles Teller', 'J. K. Simmons', 'Paul Reiser']",Justin Hurwitz,Sharone Meir,Tom Cross,"['Bold Films', 'Blumhouse Productions', 'Right of Way Films']","['Sony Pictures Classics (North America)', 'Stage 6 Films (International)']","['January 16, 2014 ( Sundance )', 'October 10, 2014 (United States)']",107 minutes,,English,$3.3 million,$49 million,107,3300000.0,49000000.0,2014-01-16T00:00:00,45700000.0,8.5,88,94%,"Drama, Music",R,Won 3 Oscars. Another 91 wins & 144 nominations.,8.5,88,94,"['Whiplash', 'by Damien Chazelle']",,United States,Damien Chazelle,,,,,
45,Spotlight,Tom McCarthy,"['Blye Pagon Faust', 'Steve Golin', 'Nicole Rocklin', 'Michael Sugar']",,"['Mark Ruffalo', 'Michael Keaton', 'Rachel McAdams', 'Liev Schreiber', 'John Slattery', 'Stanley Tucci']",Howard Shore,Masanobu Takayanagi,Tom McArdle,"['Participant Media', 'First Look Media', 'Anonymous Content', 'Rocklin/Faust Productions', 'Spotlight Film']","['Open Road Films (United States)', 'Sony Pictures Releasing International', 'Stage 6 Films (International)']","['September 3, 2015 ( Venice )', 'November 6, 2015 (United States)']",129 minutes,,English,$20 million,$98.3 million,129,20000000.0,98300000.0,2015-09-03T00:00:00,78300000.0,8.1,93,97%,"Biography, Crime, Drama",R,Won 2 Oscars. Another 122 wins & 143 nominations.,8.1,93,97,,,United States,"['Tom McCarthy', 'Josh Singer']",,,,,
46,The Big Short,Adam McKay,"['Brad Pitt', 'Dede Gardner', 'Jeremy Kleiner', 'Arnon Milchan']","['Charles Randolph', 'Adam McKay']","['Christian Bale', 'Steve Carell', 'Ryan Gosling', 'Brad Pitt']",Nicholas Britell,Barry Ackroyd,Hank Corwin,"['Regency Enterprises', 'Plan B Entertainment']",Paramount Pictures,"['November 12, 2015 ( AFI Fest )', 'December 11, 2015 (United States)']",130 minutes,,English,$50 million,$133.4 million,130,50000000.0,133400000.0,2015-11-12T00:00:00,83400000.0,7.8,81,88%,"Biography, Comedy, Drama, History",R,Won 1 Oscar. Another 36 wins & 81 nominations.,7.8,81,88,"['The Big Short', 'by', 'Michael Lewis']",,United States,,,,,,
47,Bridge of Spies,Steven Spielberg,"['Steven Spielberg', 'Marc Platt', 'Kristie Macosko Krieger']",,"['Tom Hanks', 'Mark Rylance', 'Amy Ryan', 'Alan Alda']",Thomas Newman,Janusz Kamiński,Michael Kahn,"['DreamWorks Pictures', 'Reliance Entertainment', 'Afterworks Limited', 'Studio Babelsberg', 'Amblin Entertainment', 'Marc Platt Productions', 'Participant Media', 'Fox 2000 Pictures']",['Walt Disney Studios Motion Pictures (North America) 20th Century Fox (International)'],"['October 4, 2015 ( New York Film Festival )', 'October 16, 2015 (United States)', 'November 26, 2015 (Germany)']",141 minutes,"['United States', 'Germany']",,$40 million,$165.5 million,141,40000000.0,165500000.0,2015-10-04T00:00:00,125500000.0,7.6,81,90%,"Drama, History, Thriller",PG-13,Won 1 Oscar. Another 29 wins & 102 nominations.,7.6,81,90,,,,"['Matt Charman', 'Ethan Coen Joel Coen']",,"['English', 'German']",,,
48,Brooklyn,John Crowley,"['Amanda Posey', 'Finola Dwyer']",Nick Hornby,"['Saoirse Ronan', 'Domhnall Gleeson', 'Emory Cohen', 'Jim Broadbent', 'Julie Walters']",Michael Brook,Yves Bélanger,Jake Roberts,"['BBC Films', 'Telefilm Canada', 'Irish Film Board', 'SODEC', 'BFI', 'Wildgaze Films', 'Finola Dwyer Productions', 'Parallel Films', 'Item 7', 'Ingenious', 'BAI', 'RTÉ', 'HanWay Films']","['Lionsgate (United Kingdom and Ireland)', 'Mongrel Media (Canada)']","['26 January 2015 ( Sundance )', '6 November 2015 (United Kingdom and Ireland)', '20 November 2015 (Canada)']",112 minutes,"['United Kingdom', 'Ireland', 'Canada']",English,$11 million,$62.1 million,112,11000000.0,62100000.0,2015-01-26T00:00:00,51100000.0,7.5,88,97%,"Drama, Romance",PG-13,Nominated for 3 Oscars. Another 38 wins & 157 nominations.,7.5,88,97,"['Brooklyn', 'by', 'Colm Tóibín']",,,,,,,,
49,Mad Max: Fury Road,George Miller,"['Doug Mitchell', 'George Miller', 'PJ Voeten']",,"['Tom Hardy', 'Charlize Theron', 'Nicholas Hoult', 'Hugh Keays-Byrne', 'Rosie Huntington-Whiteley', 'Riley Keough', 'Zoë Kravitz', 'Abbey Lee', 'Courtney Eaton']",Junkie XL,John Seale,Margaret Sixel,"['Kennedy Miller Mitchell', 'RatPac-Dune Entertainment']","['Village Roadshow Pictures (Australia)', 'Warner Bros. Pictures (International)']","['May 7, 2015 ( TCL Chinese Theatre )', 'May 14, 2015 (Australia)']",120 minutes,,English,$154.6–185.1 million,$375.4 million,120,154600000.0,375400000.0,2015-05-07T00:00:00,220800000.0,8.1,90,97%,"Action, Adventure, Sci-Fi, Thriller",R,Won 6 Oscars. Another 235 wins & 231 nominations.,8.1,90,97,,,Australia,"['George Miller', 'Brendan McCarthy', 'Nico Lathouris']",,,,,
50,The Martian,Ridley Scott,"['Simon Kinberg', 'Ridley Scott', 'Michael Schaefer', 'Mark Huffam']",,"['Matt Damon', 'Jessica Chastain', 'Kristen Wiig', 'Jeff Daniels', 'Michael Peña', 'Kate Mara', 'Sean Bean', 'Sebastian Stan', 'Aksel Hennie', 'Chiwetel Ejiofor']",Harry Gregson-Williams,Dariusz Wolski,Pietro Scalia,"['Scott Free Productions', 'Kinberg Genre', 'TSG Entertainment']",20th Century Fox,"['September 11, 2015 ( TIFF )', 'September 30, 2015 (United Kingdom)', 'October 2, 2015 (United States)']",141 minutes,"['United Kingdom', 'United States']",English,$108 million,$630.2 million,141,108000000.0,630200000.0,2015-09-11T00:00:00,522200000.0,8.0,80,91%,"Adventure, Drama, Sci-Fi",PG-13,Nominated for 7 Oscars. Another 38 wins & 190 nominations.,8.0,80,91,"['The Martian', 'by', 'Andy Weir']",,,Drew Goddard,,,,,
51,The Revenant,Alejandro G. Iñárritu,"['Arnon Milchan', 'Steve Golin', 'Alejandro G. Iñárritu', 'Mary Parent', 'Keith Redmon', 'James W. Skotchdopole']","['Mark L. Smith', 'Alejandro G. Iñárritu']","['Leonardo DiCaprio', 'Tom Hardy', 'Domhnall Gleeson', 'Will Poulter']","['Ryuichi Sakamoto', 'Alva Noto']",Emmanuel Lubezki,Stephen Mirrione,"['Regency Enterprises', 'RatPac Entertainment', 'New Regency', 'Anonymous Content', 'M Productions', 'Appian Way Productions']",20th Century Fox,"['December 16, 2015 ( TCL Chinese Theatre )', 'December 25, 2015 (United States)']",156 minutes,,English,$135 million,$533 million,156,135000000.0,533000000.0,2015-12-16T00:00:00,398000000.0,8.0,76,78%,"Action, Adventure, Drama, History, Western",R,Won 3 Oscars. Another 87 wins & 187 nominations.,8.0,76,78,"['The Revenant', 'by', 'Michael Punke']",,United States,,,,,,
52,Room,Lenny Abrahamson,"['Ed Guiney', 'David Gross']",Emma Donoghue,"['Brie Larson', 'Jacob Tremblay', 'Joan Allen', 'Sean Bridgers', 'William H. Macy']",Stephen Rennicks,Danny Cohen,Nathan Nugent,"['Filmnation Entertainment', 'Telefilm Canada', 'Film4', 'Bórd Scannán na hÉireann/Irish Film Board', 'Ontario Media Development Corporation', 'Element Pictures', 'No Trace Camping', 'Duperele Films']","['Elevation Pictures (Canada)', 'StudioCanal (United Kingdom and Ireland)', 'A24 (United States)']","['September 4, 2015 ( Telluride )', 'October 16, 2015 (United States)', 'October 23, 2015 (Canada)', 'January 15, 2016 (United Kingdom and Ireland)']",118 minutes,"['Canada', 'Ireland', 'United Kingdom', 'United States']",English,$13 million,$36.3 million,118,13000000.0,36300000.0,2015-09-04T00:00:00,23300000.0,8.1,86,93%,"Drama, Thriller",R,Won 1 Oscar. Another 104 wins & 140 nominations.,8.1,86,93,"['Room', 'by Emma Donoghue']",,,,,,,,
53,Moonlight,Barry Jenkins,"['Adele Romanski', 'Dede Gardner', 'Jeremy Kleiner']",Barry Jenkins,"['Trevante Rhodes', 'André Holland', 'Janelle Monáe', 'Ashton Sanders', 'Jharrel Jerome', 'Naomie Harris', 'Mahershala Ali']",Nicholas Britell,James Laxton,"['Nat Sanders', 'Joi McMillon']","['A24', 'Plan B Entertainment', 'Pastel Productions']",A24,"['September 2, 2016 ( Telluride )', 'October 21, 2016 (United States)']",111 minutes,,English,$1.5–4 million,$65.3 million,111,1500000.0,65300000.0,2016-09-02T00:00:00,63800000.0,7.4,99,98%,Drama,R,Won 3 Oscars. Another 219 wins & 290 nominations.,7.4,99,98,,Tarell Alvin McCraney,United States,,,,,,
54,Arrival,Denis Villeneuve,"['Shawn Levy', 'Dan Levine', 'Aaron Ryder', 'David Linde']",Eric Heisserer,"['Amy Adams', 'Jeremy Renner', 'Forest Whitaker', 'Michael Stuhlbarg', 'Tzi Ma']",Jóhann Jóhannsson,Bradford Young,Joe Walker,"['FilmNation Entertainment', 'Lava Bear Films', '21 Laps Entertainment']","['Paramount Pictures (North America)', 'Sony Pictures Releasing International', 'Stage 6 Films (International)']","['September 1, 2016 ( Venice )', 'November 11, 2016 (United States)']",116 minutes,,English,$47 million,$203.4 million,116,47000000.0,203400000.0,2016-09-01T00:00:00,156400000.0,7.9,81,94%,"Drama, Sci-Fi",PG-13,Won 1 Oscar. Another 63 wins & 261 nominations.,7.9,81,94,"['""', 'Story of Your Life', '""', 'by', 'Ted Chiang']",,United States,,,,,,
55,Fences,Denzel Washington,"['Todd Black', 'Scott Rudin', 'Denzel Washington']",August Wilson,"['Denzel Washington', 'Viola Davis', 'Stephen McKinley Henderson', 'Jovan Adepo', 'Russell Hornsby', 'Mykelti Williamson', 'Saniyya Sidney']",Marcelo Zarvos,Charlotte Bruus Christensen,Hughes Winborne,"['Bron Creative', 'Macro Media', 'Escape Artists', 'Scott Rudin Productions']",Paramount Pictures,"['December 15, 2016 ( Curran Theatre )', 'December 16, 2016 (United States)']",139 minutes,,English,$24 million,$64.4 million,139,24000000.0,64400000.0,2016-12-15T00:00:00,40400000.0,7.2,79,92%,Drama,PG-13,Won 1 Oscar. Another 57 wins & 119 nominations.,7.2,79,92,"['Fences', 'by August Wilson']",,United States,,,,,,
56,Hacksaw Ridge,Mel Gibson,"['Bill Mechanic', 'David Permut', 'Terry Benedict', 'Paul Currie', 'Bruce Davey', 'Brian Oliver', 'William D. Johnson']","['Robert Schenkkan', 'Andrew Knight']","['Andrew Garfield', 'Sam Worthington', 'Luke Bracey', 'Teresa Palmer', 'Hugo Weaving', 'Rachel Griffiths', 'Vince Vaughn']",Rupert Gregson-Williams,Simon Duggan,John Gilbert,"['Summit Entertainment', 'Cross Creek Pictures', 'Demarest Media', 'Argent Pictures', 'IM Global', 'AI Film Productions', 'Vendian Entertainment', 'Kylin Pictures', 'Pandemonium Films', 'Permut Presentations Production']","['Lionsgate (United States)', 'Icon Film Distribution (Australia)', 'IM Global (International)']","['September 4, 2016 ( Venice )', 'November 3, 2016 (Australia)', 'November 4, 2016 (United States)']",139 minutes,"['United States', 'Australia']",English,$40 million,$180.5 million,139,40000000.0,180500000.0,2016-09-04T00:00:00,140500000.0,8.1,71,84%,"Biography, Drama, History, War",R,Won 2 Oscars. Another 51 wins & 115 nominations.,8.1,71,84,"['The Conscientious Objector', 'by Terry Benedict']",,,,,,,,
57,Hell or High Water,David Mackenzie,"['Sidney Kimmel', 'Peter Berg', 'Carla Hacken', 'Julie Yorn']",,"['Jeff Bridges', 'Chris Pine', 'Ben Foster', 'Gil Birmingham']","['Nick Cave', 'Warren Ellis']",Giles Nuttgens,Jake Roberts,"['Sidney Kimmel Entertainment', 'OddLot Entertainment', 'Film 44', 'LBI Entertainment']","['Lionsgate', 'CBS Films']","['May 16, 2016 ( Cannes )', 'August 12, 2016 (United States)']",102 minutes,,English,$12 million,$37.9 million,102,12000000.0,37900000.0,2016-05-16T00:00:00,25900000.0,7.6,88,97%,"Action, Crime, Drama, Thriller, Western",R,Nominated for 4 Oscars. Another 46 wins & 167 nominations.,7.6,88,97,,,United States,Taylor Sheridan,,,,,
58,Hidden Figures,Theodore Melfi,"['Donna Gigliotti', 'Peter Chernin', 'Jenno Topping', 'Pharrell Williams', 'Theodore Melfi']","['Allison Schroeder', 'Theodore Melfi']","['Taraji P. Henson', 'Octavia Spencer', 'Janelle Monáe', 'Kevin Costner', 'Kirsten Dunst', 'Jim Parsons']","['Hans Zimmer', 'Pharrell Williams', 'Benjamin Wallfisch']",Mandy Walker,Peter Teschner,"['Fox 2000 Pictures', 'Chernin Entertainment', 'Levantine Films']",20th Century Fox,"['December 10, 2016 ( SVA Theatre )', 'December 25, 2016 (United States)']",127 minutes,,English,$25 million,$236.2 million,127,25000000.0,236200000.0,2016-12-10T00:00:00,211200000.0,7.8,74,93%,"Biography, Drama, History",PG,Nominated for 3 Oscars. Another 36 wins & 91 nominations.,7.8,74,93,"['Hidden Figures', 'by', 'Margot Lee Shetterly']",,United States,,,,,,
59,La La Land,Damien Chazelle,"['Fred Berger', 'Jordan Horowitz', 'Gary Gilbert', 'Marc Platt']",,"['Ryan Gosling', 'Emma Stone', 'John Legend', 'Rosemarie DeWitt']",Justin Hurwitz,Linus Sandgren,Tom Cross,"['Summit Entertainment', 'Gilbert Films', 'Marc Platt Productions', 'Impostor Pictures', 'Black Label Media']",Lionsgate,"['August 31, 2016 ( Venice )', 'December 9, 2016 (United States)']",128 minutes,,English,$30 million,$448.9 million,128,30000000.0,448900000.0,2016-08-31T00:00:00,418900000.0,8.0,94,91%,"Comedy, Drama, Music, Musical, Romance",PG-13,Won 6 Oscars. Another 235 wins & 287 nominations.,8.0,94,91,,,United States,Damien Chazelle,,,,,
60,Lion,Garth Davis,"['Emile Sherman', 'Iain Canning', 'Angie Fielder']",Luke Davies,"['Dev Patel', 'Sunny Pawar', 'Nicole Kidman', 'Rooney Mara', 'David Wenham', 'Abhishek Bharate', 'Divian Ladwa', 'Priyanka Bose', 'Deepti Naval', 'Tannishtha Chatterjee', 'Nawazuddin Siddiqui', 'Kaushik Sen', 'Divian Ladwa']","[""Dustin O'Halloran"", 'Hauschka']",Greig Fraser,Alexandre de Franceschi,"['The Weinstein Company', 'Screen Australia', 'See-Saw Films', 'Aquarius Films', 'Sunstar Entertainment']","['Transmission Films', 'Pictureworks']","['September 10, 2016 ( TIFF )', 'November 25, 2016 (United States)', 'January 19, 2017 (Australia)', 'January 20, 2017 (United Kingdom)']",118 minutes,"['Australia', 'India']",,$12 million,$140.3 million,118,12000000.0,140300000.0,2016-09-10T00:00:00,128300000.0,8.0,69,84%,"Biography, Drama",PG-13,Nominated for 6 Oscars. Another 58 wins & 103 nominations.,8.0,69,84,"['A Long Way Home', 'by', 'Saroo Brierley']",,,,,"['English', 'Hindi', 'Bengali']",,,
61,Manchester by the Sea,Kenneth Lonergan,"['Matt Damon', 'Kimberly Steward', 'Chris Moore', 'Lauren Beck', 'Kevin J. Walsh']",,"['Casey Affleck', 'Michelle Williams', 'Kyle Chandler', 'Lucas Hedges']",Lesley Barber,Jody Lee Lipes,Jennifer Lame,"['K Period Media', 'Pearl Street Films', 'The Media Farm', 'The Affleck / Middleton Project', 'B Story']","['Amazon Studios', 'Roadside Attractions']","['January 23, 2016 ( Sundance )', 'November 18, 2016 (United States)']",137 minutes,,English,$9 million,$79 million,137,9000000.0,79000000.0,2016-01-23T00:00:00,70000000.0,7.8,96,96%,Drama,R,Won 2 Oscars. Another 127 wins & 263 nominations.,7.8,96,96,,,United States,Kenneth Lonergan,,,,,
62,The Shape of Water,Guillermo del Toro,"['Guillermo del Toro', 'J. Miles Dale']","['Guillermo del Toro', 'Vanessa Taylor']","['Sally Hawkins', 'Michael Shannon', 'Richard Jenkins', 'Doug Jones', 'Michael Stuhlbarg', 'Octavia Spencer']",Alexandre Desplat,Dan Laustsen,Sidney Wolinsky,"['Fox Searchlight Pictures', 'TSG Entertainment', 'Double Dare You Productions']",Fox Searchlight Pictures,"['August 31, 2017 ( Venice )', 'December 1, 2017 (United States)']",123 minutes,,,$19.5–20 million,$195.3 million,123,19500000.0,195300000.0,2017-08-31T00:00:00,175800000.0,7.3,87,92%,"Adventure, Drama, Fantasy, Romance, Sci-Fi, Thriller",R,Won 4 Oscars. Another 132 wins & 350 nominations.,7.3,87,92,,Guillermo del Toro,United States,,,"['American Sign Language', 'English']",,,
63,Call Me by Your Name,Luca Guadagnino,"['Peter Spears', 'Luca Guadagnino', 'Emilie Georges', 'Rodrigo Teixeira', 'Marco Morabito', 'James Ivory', 'Howard Rosenman']",James Ivory,"['Armie Hammer', 'Timothée Chalamet', 'Michael Stuhlbarg', 'Amira Casar', 'Esther Garrel', 'Victoire Du Bois']",,Sayombhu Mukdeeprom,Walter Fasano,"['Frenesy Film Company', 'La Cinéfacture', 'RT Features', 'M.Y.R.A. Entertainment', ""Water's End Productions""]","['Sony Pictures Classics (United States)', 'Warner Bros. Pictures (Italy)', 'Memento Films International (worldwide)']","['January 22, 2017 ( Sundance )', 'November 24, 2017 (United States)', 'January 18, 2018 (Brazil)', 'January 25, 2018 (Italy)']",132 minutes,"['Italy', 'United States', 'France', 'Brazil']",,$3.5 million,$41.9 million,132,3500000.0,41900000.0,2017-01-22T00:00:00,38400000.0,7.9,93,94%,"Drama, Romance",R,Won 1 Oscar. Another 94 wins & 258 nominations.,7.9,93,94,"['Call Me by Your Name', 'by', 'André Aciman']",,,,,"['English', 'Italian', 'French']",,,
64,Darkest Hour,Joe Wright,"['Tim Bevan', 'Lisa Bruce', 'Eric Fellner', 'Anthony McCarten', 'Douglas Urbanski']",,"['Gary Oldman', 'Kristin Scott Thomas', 'Lily James', 'Stephen Dillane', 'Ronald Pickup', 'Ben Mendelsohn']",Dario Marianelli,Bruno Delbonnel,Valerio Bonelli,"['Perfect World Pictures', 'Working Title Films']","['Focus Features (United States)', 'Universal Pictures (International)']","['1 September 2017 ( Telluride )', '22 November 2017 (United States)', '12 January 2018 (United Kingdom)']",125 minutes,"['United Kingdom', 'United States']",English,$30 million,$150.8 million,125,30000000.0,150800000.0,2017-09-01T00:00:00,120800000.0,7.4,75,84%,"Biography, Drama, History, War",PG-13,Won 2 Oscars. Another 51 wins & 77 nominations.,7.4,75,84,,,,Anthony McCarten,,,,,
65,Dunkirk,Christopher Nolan,"['Emma Thomas', 'Christopher Nolan']",,"['Fionn Whitehead', 'Tom Glynn-Carney', 'Jack Lowden', 'Harry Styles', 'Aneurin Barnard', ""James D'Arcy"", 'Barry Keoghan', 'Kenneth Branagh', 'Cillian Murphy', 'Mark Rylance', 'Tom Hardy']",Hans Zimmer,Hoyte van Hoytema,Lee Smith,"['Warner Bros. Pictures', 'Syncopy Inc.', 'RatPac-Dune Entertainment', 'Canal+', 'Ciné+', 'StudioCanal']",Warner Bros. Pictures,"['13 July 2017 ( Odeon Leicester Square )', '19 July 2017 (France)', '20 July 2017 (Netherlands)', '21 July 2017 (UK & US)']",106 minutes,"['United Kingdom', 'United States', 'France', 'Netherlands']",English,$100–150 million,$526.9 million,106,100000000.0,526900000.0,2017-07-13T00:00:00,426900000.0,7.8,94,92%,"Action, Drama, History, Thriller, War",PG-13,Won 3 Oscars. Another 60 wins & 229 nominations.,7.8,94,92,,,,Christopher Nolan,,,,,
66,Get Out,Jordan Peele,"['Sean McKittrick', 'Jason Blum', 'Edward H. Hamm Jr.', 'Jordan Peele']",,"['Daniel Kaluuya', 'Allison Williams', 'Bradley Whitford', 'Caleb Landry Jones', 'Stephen Root', 'Lakeith Stanfield', 'Catherine Keener']",Michael Abels,Toby Oliver,Gregory Plotkin,"['Blumhouse Productions', 'QC Entertainment', 'Monkeypaw Productions']",Universal Pictures,"['January 23, 2017 ( Sundance )', 'February 24, 2017 (United States)']",104 minutes,,English,$4.5 million,$255.4 million,104,4500000.0,255400000.0,2017-01-23T00:00:00,250900000.0,7.7,85,98%,"Horror, Mystery, Thriller",R,Won 1 Oscar. Another 147 wins & 202 nominations.,7.7,85,98,,,United States,Jordan Peele,,,,,
67,Lady Bird,Greta Gerwig,"['Scott Rudin', 'Eli Bush', ""Evelyn O'Neill""]",,"['Saoirse Ronan', 'Laurie Metcalf', 'Tracy Letts', 'Lucas Hedges', 'Timothée Chalamet', 'Beanie Feldstein', 'Lois Smith', 'Odeya Rush', 'Stephen McKinley Henderson']",Jon Brion,Sam Levy,Nick Houy,"['IAC Films', 'Scott Rudin Productions', 'Management 360']","['A24 (United States)', 'Universal Pictures', 'Focus Features (International)']","['September 1, 2017 ( Telluride )', 'November 3, 2017 (United States)']",94 minutes,,English,$10 million,$79 million,94,10000000.0,79000000.0,2017-09-01T00:00:00,69000000.0,7.4,94,99%,"Comedy, Drama",R,Nominated for 5 Oscars. Another 117 wins & 220 nominations.,7.4,94,99,,,United States,Greta Gerwig,,,,,
68,Phantom Thread,Paul Thomas Anderson,"['JoAnne Sellar', 'Paul Thomas Anderson', 'Megan Ellison', 'Daniel Lupi']",,"['Daniel Day-Lewis', 'Lesley Manville', 'Vicky Krieps']",Jonny Greenwood,,Dylan Tichenor,"['Annapurna Pictures', 'Ghoulardi Film Company', 'Perfect World Pictures']","['Focus Features (US)', 'Universal Pictures (International)']","['December 11, 2017 ( Walter Reade Theater )', 'December 25, 2017 (United States)']",130 minutes,,English,$35 million,$47.8 million,130,35000000.0,47800000.0,2017-12-11T00:00:00,12800000.0,7.5,90,91%,"Drama, Romance",R,Won 1 Oscar. Another 54 wins & 121 nominations.,7.5,90,91,,,United States,Paul Thomas Anderson,,,,,
69,The Post,Steven Spielberg,"['Steven Spielberg', 'Kristie Macosko Krieger', 'Amy Pascal']",,"['Meryl Streep', 'Tom Hanks', 'Sarah Paulson', 'Bob Odenkirk', 'Tracy Letts', 'Bradley Whitford', 'Bruce Greenwood', 'Matthew Rhys']",John Williams,Janusz Kamiński,"['Michael Kahn', 'Sarah Broshar']","['20th Century Fox', 'DreamWorks Pictures', 'Amblin Partners', 'Amblin Entertainment', 'Pascal Pictures', 'Star Thrower Entertainment', 'Participant Media']","['20th Century Fox', 'Universal Pictures', 'Mister Smith Entertainment ( EMEA )']","['December 14, 2017 ( Newseum )', 'December 22, 2017 (United States)']",116 minutes,,English,$50 million,$179.8 million,116,50000000.0,179800000.0,2017-12-14T00:00:00,129800000.0,7.2,83,88%,Drama,PG-13,Nominated for 2 Oscars. Another 20 wins & 110 nominations.,7.2,83,88,,,United States,"['Liz Hannah', 'Josh Singer']",,,,,
70,"Three Billboards Outside Ebbing, Missouri",Martin McDonagh,"['Graham Broadbent', 'Peter Czernin', 'Martin McDonagh']",,"['Frances McDormand', 'Woody Harrelson', 'Sam Rockwell', 'Abbie Cornish', 'John Hawkes', 'Peter Dinklage']",Carter Burwell,Ben Davis,Jon Gregory,"['Fox Searchlight Pictures', 'Film4 Productions', 'Blueprint Pictures', 'Cutting Edge Group']",Fox Searchlight Pictures,"['September 4, 2017 ( Venice )', 'November 10, 2017 (United States)', 'January 12, 2018 (United Kingdom)']",115 minutes,"['United States', 'United Kingdom']",English,$12–15 million,$160.2 million,115,12000000.0,160200000.0,2017-09-04T00:00:00,148200000.0,8.1,88,90%,"Comedy, Crime, Drama",R,Won 2 Oscars. Another 128 wins & 228 nominations.,8.1,88,90,,,,Martin McDonagh,,,,,
71,Green Book,Peter Farrelly,"['Jim Burke', 'Brian Hayes Currie', 'Peter Farrelly', 'Nick Vallelonga', 'Charles B. Wessler']",,"['Viggo Mortensen', 'Mahershala Ali', 'Linda Cardellini']",Kris Bowers,Sean Porter,Patrick J. Don Vito,"['Participant Media', 'DreamWorks Pictures', 'Reliance Entertainment', 'Innisfree Pictures', 'Cinetic Media', 'Alibaba Pictures']",Universal Pictures,"['September 11, 2018 ( TIFF )', 'November 16, 2018 (United States)']",130 minutes,,English,$23 million,$321.8 million,130,23000000.0,321800000.0,2018-09-11T00:00:00,298800000.0,8.2,69,78%,"Biography, Comedy, Drama, Music",PG-13,Won 3 Oscars. Another 55 wins & 122 nominations.,8.2,69,78,,,United States,"['Nick Vallelonga', 'Brian Hayes Currie', 'Peter Farrelly']",,,,,
72,Black Panther,Ryan Coogler,Kevin Feige,,"['Chadwick Boseman', 'Michael B. Jordan', ""Lupita Nyong'o"", 'Danai Gurira', 'Martin Freeman', 'Daniel Kaluuya', 'Letitia Wright', 'Winston Duke', 'Angela Bassett', 'Forest Whitaker', 'Andy Serkis']",Ludwig Göransson,Rachel Morrison,"['Michael P. Shawver', 'Debbie Berman']",,"['Walt Disney Studios', 'Motion Pictures']","['January 29, 2018 ( Dolby Theatre )', 'February 16, 2018 (United States)']",134 minutes,,English,$200 million,$1.348 billion,134,200000000.0,1348000000.0,2018-01-29T00:00:00,1148000000.0,7.3,88,96%,"Action, Adventure, Sci-Fi",PG-13,Won 3 Oscars. Another 109 wins & 272 nominations.,7.3,88,96,"['Stan Lee', 'Jack Kirby']",,United States,"['Ryan Coogler', 'Joe Robert Cole']",Marvel Studios,,,,
73,BlacKkKlansman,Spike Lee,"['Jason Blum', 'Spike Lee', 'Raymond Mansfield', 'Sean McKittrick', 'Jordan Peele', 'Shaun Redick']",,"['John David Washington', 'Adam Driver', 'Laura Harrier', 'Topher Grace']",Terence Blanchard,Chayse Irvin,Barry Alexander Brown,"['Blumhouse Productions', 'Monkeypaw Productions', 'QC Entertainment', '40 Acres and a Mule Filmworks', 'Legendary Entertainment', 'Perfect World Pictures']",Focus Features,"['May 14, 2018 ( Cannes )', 'August 10, 2018 (United States)']","['128 minutes', '135 minutes']",,English,$15 million,$93.4 million,128,15000000.0,93400000.0,2018-05-14T00:00:00,78400000.0,7.5,83,96%,"Biography, Comedy, Crime, Drama",R,Won 1 Oscar. Another 42 wins & 210 nominations.,7.5,83,96,"['Black Klansman', 'by', 'Ron Stallworth']",,United States,"['Charlie Wachtel', 'David Rabinowitz', 'Kevin Willmott', 'Spike Lee']",,,,,
74,Bohemian Rhapsody,Bryan Singer,"['Graham King', 'Jim Beach']",Anthony McCarten,"['Rami Malek', 'Lucy Boynton', 'Gwilym Lee', 'Ben Hardy', 'Joe Mazzello', 'Aaron McCusker', 'Aidan Gillen', 'Allen Leech', 'Tom Hollander', 'Mike Myers']",Queen,Newton Thomas Sigel,John Ottman,"['20th Century Fox', 'Regency Enterprises', 'GK Films', 'Queen Films']",20th Century Fox,"['23 October 2018 ( Wembley Arena )', '24 October 2018 (United Kingdom)', '2 November 2018 (United States)']",134 minutes,"['United Kingdom', 'United States']",English,$50–55 million,$905.2 million,134,50000000.0,905200000.0,2018-10-23T00:00:00,855200000.0,8.0,49,61%,"Biography, Drama, Music",PG-13,Won 4 Oscars. Another 41 wins & 77 nominations.,8.0,49,61,,"['Anthony McCarten', 'Peter Morgan']",,,,,,,
75,The Favourite,Yorgos Lanthimos,"['Ceci Dempsey', 'Ed Guiney', 'Lee Magiday', 'Yorgos Lanthimos']",,"['Olivia Colman', 'Rachel Weisz', 'Emma Stone']",,Robbie Ryan,Yorgos Mavropsaridis,"['Scarlet Films', 'Element Pictures', 'Arcana', 'Film4 Productions', 'Waypoint Entertainment']",Fox Searchlight Pictures,"['30 August 2018 ( Venice )', '23 November 2018 (United States)', '1 January 2019 (United Kingdom and Ireland)']",120 minutes,"['United Kingdom', 'Ireland', 'United States']",English,$15 million,$96 million,120,15000000.0,96000000.0,2018-08-30T00:00:00,81000000.0,7.5,91,93%,"Biography, Comedy, Drama, History",R,Won 1 Oscar. Another 181 wins & 335 nominations.,7.5,91,93,,,,"['Deborah Davis', 'Tony McNamara']",,,,,
76,Roma,Alfonso Cuarón,"['Gabriela Rodríguez', 'Alfonso Cuarón', 'Nicolás Celis']",,"['Yalitza Aparicio', 'Marina de Tavira']",,Alfonso Cuarón,"['Alfonso Cuarón', 'Adam Gough']","['Espectáculos Fílmicos El Coyúl', 'Pimienta Films', 'Participant Media', 'Esperanto Filmoj']","['Espectáculos Fílmicos El Coyúl (Mexico)', 'Netflix (Worldwide)']","['30 August 2018 ( Venice )', '21 November 2018 (Mexico and United States)']",135 minutes,"['Mexico', 'United States']",,$15 million,$5.1 million,135,15000000.0,5100000.0,2018-08-30T00:00:00,-9900000.0,7.7,96,,Drama,R,Won 3 Oscars. Another 242 wins & 212 nominations.,7.7,96,N/A,,,,Alfonso Cuarón,,"['Spanish', 'Mixtec']",,,
77,A Star Is Born,Bradley Cooper,"['Bill Gerber', 'Jon Peters', 'Bradley Cooper', 'Todd Phillips', 'Lynette Howell Taylor']","['Eric Roth', 'Bradley Cooper', 'Will Fetters']","['Bradley Cooper', 'Lady Gaga', 'Andrew Dice Clay', 'Dave Chappelle', 'Sam Elliott']",,Matthew Libatique,Jay Cassidy,"['Metro-Goldwyn-Mayer', 'Live Nation Productions', 'Gerber Pictures', 'Peters Entertainment', 'Joint Effort']",Warner Bros. Pictures,"['August 31, 2018 ( Venice )', 'October 5, 2018 (United States)']",136 minutes,,English,$36 million,$436.2 million,136,36000000.0,436200000.0,2018-08-31T00:00:00,400200000.0,7.6,88,90%,"Drama, Music, Romance",R,Won 1 Oscar. Another 93 wins & 275 nominations.,7.6,88,90,"['A Star Is Born (1954 screenplay) by Moss Hart', 'A Star Is Born (1976 screenplay) by John Gregory Dunne Joan Didion Frank Pierson', 'John Gregory Dunne', 'Joan Didion', 'Frank Pierson', 'A Star Is Born (story) by William Wellman Robert Carson', 'William Wellman', 'Robert Carson']",,United States,,,,,,
78,Vice,Adam McKay,"['Brad Pitt', 'Dede Gardner', 'Jeremy Kleiner', 'Kevin J. Messick', 'Will Ferrell', 'Adam McKay']",,"['Christian Bale', 'Amy Adams', 'Steve Carell', 'Sam Rockwell', 'Tyler Perry', 'Alison Pill', 'Lily Rabe', 'Jesse Plemons']",Nicholas Britell,Greig Fraser,Hank Corwin,"['Plan B Entertainment', 'Gary Sanchez Productions', 'Annapurna Pictures']",Mirror Releasing,"['December 11, 2018 ( Samuel Goldwyn Theater )', 'December 25, 2018 (United States)']",132 minutes,,English,$60 million,$76.1 million,132,60000000.0,76100000.0,2018-12-11T00:00:00,16100000.0,7.2,61,65%,"Biography, Comedy, Drama",R,Won 1 Oscar. Another 34 wins & 137 nominations.,7.2,61,65,,,United States,Adam McKay,,,,,
79,Parasite,Bong Joon-ho,"['Kwak Sin-ae', 'Moon Yang-kwon', 'Bong Joon-ho', 'Jang Young-hwan']","['Bong Joon-ho', 'Han Jin-won']","['Song Kang-ho', 'Lee Sun-kyun', 'Cho Yeo-jeong', 'Choi Woo-shik', 'Park So-dam', 'Lee Jung-eun', 'Jang Hye-jin']",Jung Jae-il,Hong Kyung-pyo,Yang Jin-mo,,CJ Entertainment,"['21 May 2019 ( Cannes )', '30 May 2019 (South Korea)', '8 November 2019 (United States)']",132 minutes,,Korean,['₩17.0 billion'],$258.8 million,132,15000000.0,258800000.0,2019-05-21T00:00:00,243800000.0,8.6,96,98%,"Comedy, Drama, Thriller",R,Won 4 Oscars. Another 297 wins & 265 nominations.,8.6,96,98,,Bong Joon-ho,South Korea,,Barunson E&A,,,Gisaengchung,Kisaengch'ung
80,1917,Sam Mendes,"['Sam Mendes', 'Pippa Harris', 'Jayne-Ann Tenggren', 'Callum McDougall', 'Brian Oliver']",,"['George MacKay', 'Dean-Charles Chapman', 'Mark Strong', 'Andrew Scott', 'Richard Madden', 'Claire Duburcq', 'Colin Firth', 'Benedict Cumberbatch']",Thomas Newman,Roger Deakins,Lee Smith,"['DreamWorks Pictures', 'Reliance Entertainment', 'New Republic Pictures', 'Mogambo', 'Neal Street Productions', 'Amblin Partners']","['Universal Pictures (Worldwide)', 'Entertainment One ( United Kingdom and Ireland )']","['4 December 2019 (London)', '25 December 2019 (United States)', '10 January 2020 (United Kingdom)']",119 minutes,"['United Kingdom', 'United States']",English,$95 million,$384.9 million,119,95000000.0,384900000.0,2019-12-04T00:00:00,289900000.0,8.3,78,89%,"Drama, Thriller, War",R,Won 3 Oscars. Another 127 wins & 198 nominations.,8.3,78,89,,,,"['Sam Mendes', 'Krysty Wilson-Cairns']",,,,,
81,Ford v Ferrari,James Mangold,"['Peter Chernin', 'Jenno Topping', 'James Mangold']",,"['Matt Damon', 'Christian Bale']","['Marco Beltrami', 'Buck Sanders']",Phedon Papamichael,"['Michael McCusker', 'Andrew Buckland']","['Chernin Entertainment', 'TSG Entertainment', 'Turnpike Films']",20th Century Fox,"['August 30, 2019 ( Telluride )', 'November 15, 2019 (United States)']",152 minutes,,English,$97.6 million,$225.5 million,152,97600000.0,225500000.0,2019-08-30T00:00:00,127900000.0,8.1,81,92%,"Action, Biography, Drama, Sport",PG-13,Won 2 Oscars. Another 22 wins & 87 nominations.,8.1,81,92,,,United States,"['Jez Butterworth', 'John-Henry Butterworth', 'Jason Keller']",,,,,
82,The Irishman,Martin Scorsese,"['Martin Scorsese', 'Robert De Niro', 'Jane Rosenthal', 'Emma Tillinger Koskoff', 'Irwin Winkler', 'Gerald Chamales', 'Gastón Pavlovich', 'Randall Emmett', 'Gabriele Israilovici']",Steven Zaillian,"['Robert De Niro', 'Al Pacino', 'Joe Pesci', 'Ray Romano', 'Bobby Cannavale', 'Anna Paquin', 'Stephen Graham', 'Harvey Keitel']",Robbie Robertson,Rodrigo Prieto,Thelma Schoonmaker,"['TriBeCa Productions', 'Sikelia Productions', 'Winkler Films']",Netflix,"['September 27, 2019 ( NYFF )', 'November 1, 2019 (United States)']",209 minutes,,English,$159–250 million,$8 million,209,159000000.0,8000000.0,2019-09-27T00:00:00,-151000000.0,7.9,94,95%,"Biography, Crime, Drama",R,Nominated for 10 Oscars. Another 73 wins & 333 nominations.,7.9,94,95,"['I Heard You Paint Houses', 'by', 'Charles Brandt']",,United States,,,,,,
83,Jojo Rabbit,Taika Waititi,"['Carthew Neal', 'Taika Waititi', 'Chelsea Winstanley']",Taika Waititi,"['Roman Griffin Davis', 'Thomasin McKenzie', 'Taika Waititi', 'Rebel Wilson', 'Stephen Merchant', 'Alfie Allen', 'Sam Rockwell', 'Scarlett Johansson']",Michael Giacchino,Mihai Mălaimare Jr.,Tom Eagles,"['Fox Searchlight Pictures', 'TSG Entertainment', 'Defender Films', 'Piki Films']",Fox Searchlight Pictures,"['September 8, 2019 ( TIFF )', 'October 18, 2019 (United States)', 'October 24, 2019 (New Zealand)']",108 minutes,"['United States', 'New Zealand', 'Czech Republic']",English,$14 million,$90.3 million,108,14000000.0,90300000.0,2019-09-08T00:00:00,76300000.0,7.9,58,80%,"Comedy, Drama, War",PG-13,Won 1 Oscar. Another 43 wins & 189 nominations.,7.9,58,80,"['Caging Skies', 'by', 'Christine Leunens']",,,,,,,,
84,Joker,Todd Phillips,"['Todd Phillips', 'Bradley Cooper', 'Emma Tillinger Koskoff']",,"['Joaquin Phoenix', 'Robert De Niro', 'Zazie Beetz', 'Frances Conroy']",Hildur Guðnadóttir,Lawrence Sher,Jeff Groth,"['Warner Bros. Pictures', 'DC Films', 'Joint Effort', 'Bron Creative', 'Village Roadshow Pictures']",Warner Bros. Pictures,"['August 31, 2019 ( Venice )', 'October 4, 2019 (United States)']",122 minutes,,English,$55–70 million,$1.074 billion,122,55000000.0,1074000000.0,2019-08-31T00:00:00,1019000000.0,8.4,59,68%,"Crime, Drama, Thriller",R,Won 2 Oscars. Another 112 wins & 234 nominations.,8.4,59,68,"['Characters', 'by', 'DC Comics']",,United States,"['Todd Phillips', 'Scott Silver']",,,,,
85,Little Women,Greta Gerwig,"['Amy Pascal', 'Denise Di Novi', 'Robin Swicord']",Greta Gerwig,"['Saoirse Ronan', 'Emma Watson', 'Florence Pugh', 'Eliza Scanlen', 'Laura Dern', 'Timothée Chalamet', 'Meryl Streep', 'Tracy Letts', 'Bob Odenkirk', 'James Norton', 'Louis Garrel', 'Chris Cooper']",Alexandre Desplat,Yorick Le Saux,Nick Houy,"['Columbia Pictures', 'Regency Enterprises', 'Pascal Pictures']",Sony Pictures Releasing,"['December 7, 2019 ( MoMA )', 'December 25, 2019 (United States)']",135 minutes,,English,$40 million,$218.8 million,135,40000000.0,218800000.0,2019-12-07T00:00:00,178800000.0,7.8,91,95%,"Drama, Romance",PG,Won 1 Oscar. Another 75 wins & 216 nominations.,7.8,91,95,"['Little Women', 'by', 'Louisa May Alcott']",,United States,,,,,,
86,Marriage Story,Noah Baumbach,"['David Heyman', 'Noah Baumbach']",,"['Scarlett Johansson', 'Adam Driver', 'Laura Dern', 'Alan Alda', 'Ray Liotta', 'Julie Hagerty', 'Merritt Wever']",Randy Newman,Robbie Ryan,Jennifer Lame,,Netflix,"['August 29, 2019 ( Venice )', 'November 6, 2019 (United States)', 'November 15, 2019 (United Kingdom)']",137 minutes,"['United States', 'United Kingdom']",English,$18 million,$2.3 million,137,18000000.0,2300000.0,2019-08-29T00:00:00,-15700000.0,7.9,94,94%,"Comedy, Drama, Romance",R,Won 1 Oscar. Another 126 wins & 265 nominations.,7.9,94,94,,,,Noah Baumbach,Heyday Films,,,,
87,Once Upon a Time in Hollywood,Quentin Tarantino,"['David Heyman', 'Shannon McIntosh', 'Quentin Tarantino']",,"['Leonardo DiCaprio', 'Brad Pitt', 'Margot Robbie', 'Emile Hirsch', 'Margaret Qualley', 'Timothy Olyphant', 'Austin Butler', 'Dakota Fanning', 'Bruce Dern', 'Al Pacino']",,Robert Richardson,Fred Raskin,"['Columbia Pictures', 'Bona Film Group', 'Heyday Films', 'Visiona Romantica']",Sony Pictures Releasing,"['May 21, 2019 ( Cannes )', 'July 26, 2019 (United States)', 'August 14, 2019 (United Kingdom)']",161 minutes,"['United States', 'United Kingdom', 'China']",English,$90–96 million,$374.3 million,161,90000000.0,374300000.0,2019-05-21T00:00:00,284300000.0,7.6,83,85%,"Comedy, Drama",R,Won 2 Oscars. Another 134 wins & 372 nominations.,7.6,83,85,,,,Quentin Tarantino,,,,,
